college,college_scorecard,opeid,conference,division
Abilene Christian University,Abilene Christian University,353700,Southland Conference,NCAA FCS
Adams State University,Adams State University,134500,Rocky Mountain Athletic Conference,NCAA D2
Adrian College,Adrian College,223400,Michigan Intercollegiate Athletic Association,NCAA D3
Alabama A&M University,Alabama A & M University,100200,Southwestern Athletic Conference,NCAA FCS
Alabama State University,Alabama State University,100500,Southwestern Athletic Conference,NCAA FCS
Albany State University,Albany State University,154400,Southern Intercollegiate Athletic Conference,NCAA D2
Albion College,Albion College,223500,Michigan Intercollegiate Athletic Association,NCAA D3
Albright College,Albright College,322900,Middle Atlantic Conferences,NCAA D3
Alcorn State University,Alcorn State University,239600,Southwestern Athletic Conference,NCAA FCS
Alderson Broaddus University,Alderson Broaddus University,380600,Mountain East,NCAA D2
Alfred University,Alfred University,266800,Empire 8 Athletic Conference,NCAA D3
Allan Hancock College,Allan Hancock College,111100,Western State Conference,JC
Allegheny College,Allegheny College,323000,North Coast Athletic Conference,NCAA D3
Allen University,Allen University,341700,Appalachian Athletic Conference,NAIA
Alma College,Alma College,223600,Michigan Intercollegiate Athletic Association,NCAA D3
American International College,American International College,211400,Northeast-10 Conference,NCAA D2
Amherst College,Amherst College,211500,New England Small College Athletic Conference,NCAA D3
Anderson University - Indiana,Anderson University,178500,Heartland Collegiate Athletic Conference,NCAA D3
Angelo State University,Angelo State University,354100,Lone Star Conference,NCAA D2
Anna Maria College,Anna Maria College,211700,Eastern Collegiate Football Conference,NCAA D3
Appalachian State University,Appalachian State University,290600,Sun Belt Conference,NCAA FBS
Arizona Christian University,Arizona Christian University,711300,Golden state Athletic Conference,NAIA
Arizona State University,Arizona State University-Tempe,108100,Pacific-12 Conference,NCAA FBS
Arkansas Baptist College,Arkansas Baptist College,108700,Region 2 NJCAA,JC
Arkansas State University,Arkansas State University-Main Campus,109000,Sun Belt Conference,NCAA FBS
Arkansas Tech University,Arkansas Tech University,108900,Great American Conference,NCAA D2
ASA College - Miami,NA,NA,NJCAA – Region 8,JC
Ashland University,Ashland University,301200,Great Lakes Intercollegiate Athletic Conference,NCAA D2
Assumption University,Assumption College,211800,Northeast-10 Conference,NCAA D2
Auburn University,Auburn University,100900,Southeastern Conference,NCAA FBS
Augsburg University,Augsburg University,233400,Minnesota Intercollegiate Athletic Conference,NCAA D3
Augustana College - Illinois,Augustana College,163300,College Conference of Illinois and Wisconsin,NCAA D3
Augustana University - South Dakota,Augustana University,345800,Northern Sun Intercollegiate Conference,NCAA D2
Aurora University,Aurora University,163400,Northern Athletics Collegiate Conference,NCAA D3
Austin College,Austin College,354300,Southern Collegiate Athletic Conference,NCAA D3
Austin Peay State University,Austin Peay State University,347800,Ohio Valley Conference,NCAA FCS
Averett University,Averett University,370200,USA South Athletic Conference,NCAA D3
Avila University,Avila University,244900,Kansas Collegiate Athletic Conference,NAIA
Baker University,Baker University,190300,Heart of America Athletic Conference,NAIA
Baldwin Wallace University,Baldwin Wallace University,301400,Ohio Athletic Conference,NCAA D3
Ball State University,Ball State University,178600,Mid-American Conference,NCAA FBS
Barton College,Barton College,290800,Conference Carolinas,NCAA D2
Bates College,Bates College,203600,New England Small College Athletic Conference,NCAA D3
Baylor University,Baylor University,354500,Big 12 Conference,NCAA FBS
Becker College,Becker College,212300,Commonwealth Coast Conference,NCAA D3
Belhaven University,Belhaven University,239700,American Southwest Conference,NCAA D3
Beloit College,Beloit College,383500,Midwest Conference,NCAA D3
Bemidji State University,Bemidji State University,233600,Northern Sun Intercollegiate Conference,NCAA D2
Benedict College,Benedict College,342000,Southern Intercollegiate Athletic Conference,NCAA D2
Benedictine College,Benedictine College,1025600,Heart of America Athletic Conference,NAIA
Benedictine University,Benedictine University,176700,Northern Athletics Collegiate Conference,NCAA D3
Bentley University,Bentley University,212400,Northeast-10 Conference,NCAA D2
Berry College,Berry College,155400,Southern Athletic Association,NCAA D3
Bethany College - Kansas,Bethany College,190400,Kansas Collegiate Athletic Conference,NAIA
Bethany College - West Virginia,Bethany College,380800,Presidents' Athletic Conference,NCAA D3
Bethel College - Kansas,Bethel College-North Newton,190500,Kansas Collegiate Athletic Conference,NAIA
Bethel University - Minnesota,Bethel University,905800,Minnesota Intercollegiate Athletic Conference,NCAA D3
Bethel University - Tennessee,Bethel University,348000,Mid-South Conference,NAIA
Bethune-Cookman University,Bethune-Cookman University,146700,Mid-Eastern Athletic Conference,NCAA FCS
Birmingham-Southern College,Birmingham-Southern College,101200,Southern Athletic Association,NCAA D3
Black Hills State University,Black Hills State University,345900,Rocky Mountain Athletic Conference,NCAA D2
Bloomsburg University of Pennsylvania,Bloomsburg University of Pennsylvania,331500,Pennsylvania State Athletic Conference,NCAA D2
Bluefield College,Bluefield College,370300,Mid-South Conference,NAIA
Bluefield State College,Bluefield State College,380900,Independent Southeast Region,NCAA D2
Bluffton University,Bluffton University,301600,Heartland Collegiate Athletic Conference,NCAA D3
Boise State University,Boise State University,161600,Mountain West Conference,NCAA FBS
Boston College,Boston College,212800,Atlantic Coast Conference,NCAA FBS
Bowdoin College,Bowdoin College,203800,New England Small College Athletic Conference,NCAA D3
Bowie State University,Bowie State University,206200,Central Intercollegiate Athletic Association,NCAA D2
Bowling Green State University,Bowling Green State University-Main Campus,301800,Mid-American Conference,NCAA FBS
Brevard College,Brevard College,291200,South Atlantic Conference,NCAA D3
Briar Cliff University,Briar Cliff University,184600,Great Plains Athletic Conference,NAIA
Bridgewater College,Bridgewater College,370400,Old Dominion Athletic Conference,NCAA D3
Bridgewater State University,Bridgewater State University,218300,Massachusetts State Collegiate Athletic Conference,NCAA D3
Brigham Young University,Brigham Young University-Provo,367000,Independent,NCAA FBS
Brown University,Brown University,340100,Ivy League,NCAA FCS
Bryant University,Bryant University,340200,Northeast Conference,NCAA FCS
Bucknell University,Bucknell University,323800,Patriot League,NCAA FCS
Buena Vista University,Buena Vista University,184700,American Rivers Conference,NCAA D3
Butler Community College,Butler Community College,190600,KJCCC,JC
Butler University,Butler University,178800,Pioneer Football League,NCAA FCS
Butte College,Butte College,807300,California Community College Athletic Association (CCCAA),JC
California Lutheran University,California Lutheran University,113300,Southern California Intercollegiate Athletic Conference,NCAA D3
California Polytechnic State University - San Luis Obispo,California Polytechnic State University-San Luis Obispo,114300,Big Sky Conference,NCAA FCS
California State University - Fresno,California State University-Fresno,114700,Mountain West Conference,NCAA FBS
California State University - Sacramento,California State University-Sacramento,115000,Big Sky Conference,NCAA FCS
California University of Pennsylvania,California University of Pennsylvania,331600,Pennsylvania State Athletic Conference,NCAA D2
Campbell University,Campbell University,291300,Big South,NCAA FCS
Campbellsville University,Campbellsville University,195900,Mid-South Conference,NAIA
Capital University,Capital University,302300,Ohio Athletic Conference,NCAA D3
Carleton College,Carleton College,234000,Minnesota Intercollegiate Athletic Conference,NCAA D3
Carnegie Mellon University,Carnegie Mellon University,324200,University Athletic Association,NCAA D3
Carroll College,Carroll College,252600,Cascade Collegiate Conference,NAIA
Carroll University,Carroll University,383800,College Conference of Illinois and Wisconsin,NCAA D3
Carson-Newman University,Carson-Newman University,348100,South Atlantic Conference,NCAA D2
Carthage College,Carthage College,383900,College Conference of Illinois and Wisconsin,NCAA D3
Case Western Reserve University,Case Western Reserve University,302400,Presidents' Athletic Conference,NCAA D3
Castleton University,Castleton University,368300,Eastern Collegiate Football Conference,NCAA D3
Catawba College,Catawba College,291400,South Atlantic Conference,NCAA D2
Catholic University of America,The Catholic University of America,143700,New England Women's & Men's Athletic Conference,NCAA D3
Central College,Central College,185000,American Rivers Conference,NCAA D3
Central Connecticut State University,Central Connecticut State University,137800,Northeast Conference,NCAA FCS
Central Methodist University,Central Methodist University-College of Liberal Arts and Sciences,245300,Heart of America Athletic Conference,NAIA
Central Michigan University,Central Michigan University,224300,Mid-American Conference,NCAA FBS
Central State University,Central State University,302600,Southern Intercollegiate Athletic Conference,NCAA D2
Central Washington University,Central Washington University,377100,Great Northwest Athletic Conference,NCAA D2
Centre College,Centre College,196100,Southern Athletic Association,NCAA D3
Chadron State College,Chadron State College,253900,Rocky Mountain Athletic Conference,NCAA D2
Chapman University,Chapman University,116400,Southern California Intercollegiate Athletic Conference,NCAA D3
Charleston Southern University,Charleston Southern University,341900,Big South Conference,NCAA FCS
Chowan University,Chowan University,291600,Central Intercollegiate Athletic Association,NCAA D2
Christopher Newport University,Christopher Newport University,370600,New Jersey Athletic Conference,NCAA D3
Cisco College,Cisco College,355300,"Region V, SWJCFC",JC
Citadel Military College of South Carolina,Citadel Military College of South Carolina,342300,Southern Conference,NCAA FCS
Citrus College,Citrus College,116600,Southern California Football Conference,JC
Claremont-Mudd-Scripps Colleges,Claremont McKenna College,117000,Southern California Intercollegiate Athletic Conference,NCAA D3
Clarion University of Pennsylvania,Clarion University of Pennsylvania,331800,Pennsylvania State Athletic Conference,NCAA D2
Clark Atlanta University,Clark Atlanta University,155900,Southern Intercollegiate Athletic Conference,NCAA D2
Clarke University,Clarke University,185200,Heart of America Athletic Conference,NAIA
Clemson University,Clemson University,342500,Atlantic Coast Conference,NCAA FBS
Coahoma Community College,Coahoma Community College,240100,MACCC,JC
Coastal Carolina University,Coastal Carolina University,345100,Sun Belt Conference,NCAA FBS
Coe College,Coe College,185400,American Rivers Conference,NCAA D3
Colby College,Colby College,203900,New England Small College Athletic Conference,NCAA D3
Colgate University,Colgate University,270100,Patriot League,NCAA FCS
College of DuPage,College of DuPage,665600,North Central Community College Conference,JC
College of the Canyons,College of the Canyons,890300,Southern California Football Conference,JC
College of the Holy Cross,College of the Holy Cross,214100,Patriot League,NCAA FCS
College of the Redwoods,College of the Redwoods,118500,"Golden Valley Conference, North Carolina Football Alliance",JC
College of Wooster,The College of Wooster,303700,North Coast Athletic Conference,NCAA D3
Colorado Mesa University,Colorado Mesa University,135800,Rocky Mountain Athletic Conference,NCAA D2
Colorado School of Mines,Colorado School of Mines,134800,Rocky Mountain Athletic Conference,NCAA D2
Colorado State University,Colorado State University-Fort Collins,135000,Mountain West Conference,NCAA FBS
Colorado State University - Pueblo,Colorado State University-Pueblo,136500,Rocky Mountain Athletic Conference,NCAA D2
Columbia University,Columbia University in the City of New York,270700,Ivy League,NCAA FCS
Concord University,Concord University,381000,Mountain East Conference,NCAA D2
Concordia College - Minnesota,Concordia College at Moorhead,234600,Minnesota Intercollegiate Athletic Conference,NCAA D3
Concordia University - Ann Arbor,Concordia University-Ann Arbor,384256,Mid-States Football Association,NCAA D2
Concordia University - Chicago,Concordia University-Chicago,166600,Northern Athletics Collegiate Conference,NCAA D3
Concordia University - Nebraska,Concordia University-Nebraska,254100,Great Plains Athletic Conference,NAIA
Concordia University Wisconsin,Concordia University-Wisconsin,384200,Northern Athletics Collegiate Conference,NCAA D3
"Concordia University, St. Paul - Minnesota",Concordia University-Saint Paul,234700,Northern Sun Intercollegiate Conference,NCAA D2
Copiah-Lincoln Community College,Copiah-Lincoln Community College,240200,"MACCC, Region 23",JC
Cornell College,Cornell College,185600,Midwest Conference,NCAA D3
Cornell University,Cornell University,271100,Ivy League,NCAA FCS
Crown College,Crown College,238300,Upper Midwest Athletic Conference,NCAA D3
Culver-Stockton College,Culver-Stockton College,246000,Heart of America Athletic Conference,NAIA
Cumberland University,Cumberland University,348500,Mid-South Conference,NAIA
Curry College,Curry College,214300,Commonwealth Coast Conference,NCAA D3
Dakota State University,Dakota State University,346300,North Star Athletic Association,NAIA
Dakota Wesleyan University,Dakota Wesleyan University,346100,Great Plains Athletic Conference,NAIA
Dartmouth College,Dartmouth College,257300,Ivy League,NCAA FCS
Davenport University,Davenport University,224900,Great Lakes Intercollegiate Athletic Conference,NCAA D2
Davidson College,Davidson College,291800,Pioneer Football League,NCAA FCS
Dean College,Dean College,214400,Eastern Collegiate Football Conference,NCAA D3
Defiance College,Defiance College,304100,Heartland Collegiate Athletic Conference,NCAA D3
Delaware State University,Delaware State University,142800,Mid-Eastern Athletic Conference,NCAA FCS
Delaware Valley University,Delaware Valley University,325200,Middle Atlantic Conferences,NCAA D3
Delta State University,Delta State University,240300,Gulf South Conference,NCAA D2
Denison University,Denison University,304200,North Coast Athletic Conference,NCAA D3
DePauw University,DePauw University,179200,North Coast Athletic Conference,NCAA D3
Dickinson College,Dickinson College,325300,Centennial Conference,NCAA D3
Dickinson State University,Dickinson State University,298900,North Star Athletic Association,NAIA
Dixie State University,Dixie State University,367100,Western Athletic Conference,NCAA FCS
Doane University,Doane University,254400,Great Plains Athletic Conference,NAIA
Dordt University,Dordt University,185900,Great Plains Athletic Conference,NAIA
Drake University,Drake University,186000,Pioneer Football League,NCAA FCS
Duke University,Duke University,292000,Atlantic Coast Conference,NCAA FBS
Duquesne University,Duquesne University,325800,Northeast Conference,NCAA FCS
East Carolina University,East Carolina University,292300,American Athletic Conference,NCAA FBS
East Central Community College,East Central Community College,240400,MACCC,JC
East Central University,East Central University,315400,Great American Conference,NCAA D2
East Los Angeles College,East Los Angeles College,2226000,CCCAA,JC
East Stroudsburg University of Pennsylvania,East Stroudsburg University of Pennsylvania,332000,Pennsylvania State Athletic Conference,NCAA D2
East Tennessee State University,East Tennessee State University,348700,Southern Conference,NCAA FCS
East Texas Baptist University,East Texas Baptist University,356400,American Southwest Conference,NCAA D3
Eastern Illinois University,Eastern Illinois University,167400,Ohio Valley Conference,NCAA FCS
Eastern Kentucky University,Eastern Kentucky University,196300,Ohio Valley Conference,NCAA FCS
Eastern Michigan University,Eastern Michigan University,225900,Mid-American Conference,NCAA FBS
Eastern New Mexico University,Eastern New Mexico University-Main Campus,265100,Lone Star Conference,NCAA D2
Eastern Oregon University,Eastern Oregon University,319300,Frontier Conference,NAIA
Eastern Washington University,Eastern Washington University,377500,Big Sky Conference,NCAA FCS
Edinboro University,Edinboro University of Pennsylvania,332100,Pennsylvania State Athletic Conference,NCAA D2
Edward Waters College,Edward Waters College,147800,Gulf Coast Athletic Conference,NAIA
El Camino College - Compton Center,Compton College,119701,SCFA,JC
Elizabeth City State University,Elizabeth City State University,292600,Central Intercollegiate Athletic Association,NCAA D2
Ellsworth Community College,Ellsworth Community College,186200,Iowa Community College Athletic Conference,JC
Elmhurst University,Elmhurst College,167600,College Conference of Illinois and Wisconsin,NCAA D3
Elon University,Elon University,292700,Colonial Athletic Association,NCAA FCS
Emory & Henry College,Emory & Henry College,370900,Old Dominion Athletic Conference,NCAA D3
Emporia State University,Emporia State University,192700,Mid-America Intercollegiate Athletics Association,NCAA D2
Endicott College,Endicott College,214800,Commonwealth Coast Conference,NCAA D3
Erskine College,Erskine College,343200,Conference Carolinas,NCAA D2
Eureka College,Eureka College,167800,Northern Athletic Collegiate Conference,NCAA D3
Evangel University,Evangel University,246300,Heart of America Athletic Conference,NAIA
Fairleigh Dickinson University - College at Florham,Fairleigh Dickinson University-Florham Campus,260701,Middle Atlantic Conferences,NCAA D3
Fairmont State University,Fairmont State University,381200,Mountain East Conference,NCAA D2
Faulkner University,Faulkner University,100300,Mid-South Conference,NAIA
Fayetteville State University,Fayetteville State University,292800,Central Intercollegiate Athletic Association,NCAA D2
Feather River College,Feather River Community College District,859700,CCCAA,JC
Ferris State University,Ferris State University,226000,Great Lakes Intercollegiate Athletic Conference,NCAA D2
Ferrum College,Ferrum College,371100,Old Dominion Athletic Conference,NCAA D3
Finlandia University,Finlandia University,232200,Coast-To-Coast Athletic Conference,NCAA D3
Fitchburg State University,Fitchburg State University,218400,Massachussetts State Collegiate Athletic Conference,NCAA D3
Florida A&M University,Florida Agricultural and Mechanical University,148000,Mid-Eastern Athletic Conference,NCAA FCS
Florida Atlantic University,Florida Atlantic University,148100,Conference USA,NCAA FBS
Florida International University,Florida International University,963500,Conference USA,NCAA FBS
Florida Memorial University,Florida Memorial University,148600,Sun Conference,NAIA
Florida State University,Florida State University,148900,Atlantic Coast Conference,NCAA FBS
Fordham University,Fordham University,272200,Patriot League,NCAA FCS
Fort Hays State University,Fort Hays State University,191500,Mid-America Intercollegiate Athletics Association,NCAA D2
Fort Lewis College,Fort Lewis College,135300,Rocky Mountain Athletic Conference,NCAA D2
Fort Valley State University,Fort Valley State University,156600,Southern Intercollegiate Athletic Conference,NCAA D2
Framingham State University,Framingham State University,218500,Massachusetts State Collegiate Athletic Conference,NCAA D3
Franklin & Marshall College,Franklin and Marshall College,326500,Centennial Conference,NCAA D3
Franklin College,Franklin College,179800,Heartland Collegiate Athletic Conference,NCAA D3
Franklin Pierce University,Franklin Pierce University,257500,Other,NCAA D2
Fresno City College,Fresno City College,130700,Central Valley Conference,JC
Friends University,Friends University,191800,Kansas Collegiate Athletic Conference,NAIA
Frostburg State University,Frostburg State University,207200,Mountain East,NCAA D2
Furman University,Furman University,343400,Southern Conference,NCAA FCS
Gallaudet University,Gallaudet University,144300,Eastern Collegiate Football Conference,NCAA D3
Gannon University,Gannon University,326600,Pennsylvania State Athletic Conference,NCAA D2
Garden City Community College,Garden City Community College,191900,KJCCC,JC
Gardner-Webb University,Gardner-Webb University,292900,Big South Conference,NCAA FCS
Geneva College,Geneva College,326700,Presidents' Athletic Conference,NCAA D3
George Fox University,George Fox University,319400,Northwest Conference,NCAA D3
Georgetown College,Georgetown College,196400,Mid-South Conference,NAIA
Georgetown University,Georgetown University,144500,Big East Conference,NCAA FCS
Georgia Military College - Milledgeville,Georgia Military College,157100,GCAA,JC
Georgia Southern University,Georgia Military College,157100,Sun Belt Conference,NCAA FBS
Georgia State University,Georgia State University,157400,Sun Belt Conference,NCAA FBS
Georgia Tech,Georgia Institute of Technology-Main Campus,156900,Atlantic Coast Conference,NCAA FBS
Gettysburg College,Gettysburg College,326800,Centennial Conference,NCAA D3
Glenville State College,Glenville State College,381300,Mountain East Conference,NCAA D2
Graceland University,Graceland University-Lamoni,186600,Heart of America Athletic Conference,NAIA
Grambling State University,Grambling State University,200600,Southwestern Athletic Conference,NCAA FCS
Grand Valley State University,Grand Valley State University,226800,Great Lakes Intercollegiate Athletic Conference,NCAA D2
Grand View University,Grand View University,186700,Heart of America Athletic Conference,NAIA
Greensboro College,Greensboro College,293000,USA South Athletic Conference,NCAA D3
Greenville University,Greenville University,168400,Upper Midwest Athletic Conference,NCAA D3
Grinnell College,Grinnell College,186800,Midwest Conference,NCAA D3
Grove City College,Grove City College,326900,Presidents' Athletic Conference,NCAA D3
Guilford College,Guilford College,293100,Old Dominion Athletic Conference,NCAA D3
Gustavus Adolphus College,Gustavus Adolphus College,235300,Minnesota Intercollegiate Athletic Conference,NCAA D3
Hamilton College,Hamilton College,272800,New England Small College Athletic Conference,NCAA D3
Hamline University,Hamline University,235400,Minnesota Intercollegiate Athletic Conference,NCAA D3
Hampden-Sydney College,Hampden-Sydney College,371300,Old Dominion Athletic Conference,NCAA D3
Hampton University,Hampton University,371400,Big South Conference,NCAA FCS
Hanover College,Hanover College,180100,Heartland Collegiate Athletic Conference,NCAA D3
Hardin-Simmons University,Hardin-Simmons University,357100,American Southwest Conference,NCAA D3
Harding University,Harding University,109700,Great American Conference,NCAA D2
Hartwick College,Hartwick College,272900,Empire 8 Athletic Conference,NCAA D3
Harvard University,Harvard University,215500,Ivy League,NCAA FCS
Hastings College,Hastings College,254800,Great Plains Athletic Conference,NAIA
Heidelberg University,Heidelberg University,304800,Ohio Athletic Conference,NCAA D3
Henderson State University,Henderson State University,109800,Great American Conference,NCAA D2
Hendrix College,Hendrix College,109900,Southern Athletic Association,NCAA D3
Highland Community College - Kansas,Highland Community College,192100,"NJCAA, Kansas Jayhawk Community College Conference",JC
Hillsdale College,Hillsdale College,227200,Great Midwest Athletic Conference,NCAA D2
Hinds Community College,Hinds Community College,240700,NJCAA,JC
Hiram College,Hiram College,304900,North Coast Athletic Conference,NCAA D3
Hobart & William Smith Colleges (Hobart),Hobart William Smith Colleges,273100,Liberty League,NCAA D3
Holmes Community College,Holmes Community College,240800,MACCC,JC
Hope College,Hope College,227300,Michigan Intercollegiate Athletic Association,NCAA D3
Houston Baptist University,Houston Baptist University,357600,Southland Conference,NCAA FCS
Howard Payne University,Howard Payne University,357500,American Southwest Conference,NCAA D3
Howard University,Howard University,144800,Mid-Eastern Athletic Conference,NCAA FCS
Huntingdon College,Huntingdon College,101900,USA South Athletic Conference,NCAA D3
Husson University,Husson University,204300,Commonwealth Coast Conference,NCAA D3
Hutchinson Community College,Hutchinson Community College,192300,KJCCC,JC
Idaho State University,Idaho State University,162000,Big Sky Conference,NCAA FCS
Illinois College,Illinois College,168800,Midwest Conference,NCAA D3
Illinois State University,Illinois State University,169200,Missouri Valley Conference,NCAA FCS
Illinois Wesleyan University,Illinois Wesleyan University,169600,College Conference of Illinois and Wisconsin,NCAA D3
Independence Community College,Independence Community College,192400,YJCCC,JC
Indiana State University,Indiana State University,180700,Missouri Valley Football Conference,NCAA FCS
Indiana University,Indiana University-Bloomington,180900,Big Ten Conference,NCAA FBS
Indiana University of Pennsylvania,Indiana University of Pennsylvania-Main Campus,327700,Pennsylvania State Athletic Conference,NCAA D2
Indiana Wesleyan University,Indiana Wesleyan University-Marion,182200,Mid-States Football Association,NAIA
Iowa Central Community College,Iowa Central Community College,186500,ICCAC,JC
Iowa State University,Iowa State University,186900,Big 12 Conference,NCAA FBS
Iowa Wesleyan University,Iowa Wesleyan University,187100,Upper Midwest Athletic Conference,NAIA
Iowa Western Community College,Iowa Western Community College,459800,ICCAC,JC
Itasca Community College,Itasca Community College,235600,Minnesota College Athletic Conference,JC
Itawamba Community College - Fulton Campus,Itawamba Community College,240900,MACCC,JC
Ithaca College,Ithaca College,273900,Liberty League,NCAA D3
Jackson State University,Jackson State University,241000,Southwestern Athletic Conference,NCAA FCS
Jacksonville State University,Jacksonville State University,102000,Ohio Valley Conference,NCAA FCS
James Madison University,James Madison University,372100,Colonial Athletic Association,NCAA FCS
John Carroll University,John Carroll University,305000,Ohio Athletic Conference,NCAA D3
Johns Hopkins University,Johns Hopkins University,207700,Centennial Conference,NCAA D3
Johnson C. Smith University,Johnson C Smith University,293600,Central Intercollegiate Athletic Association,NCAA D2
Jones County Junior College,Jones County Junior College,241100,MACCC,JC
Judson University,Judson University,170000,Mid-States Football Association,NAIA
Juniata College,Juniata College,327900,Centennial Conference,NCAA D3
Kalamazoo College,Kalamazoo College,227500,Michigan Intercollegiate Athletic Association,NCAA D3
Kansas State University,Kansas State University,192800,Big 12 Conference,NCAA FBS
Kansas Wesleyan University,Kansas Wesleyan University,192900,Kansas Collegiate Athletic Conference,NAIA
Kean University,Kean University,262200,New Jersey Athletic Conference,NCAA D3
Keiser University,Keiser University-West Palm Beach,2151912,The Sun Conference,NAIA
Kennesaw State University,Kennesaw State University,157700,Big South Conference,NCAA FCS
Kent State University,Kent State University at Kent,305100,Mid-American Conference,NCAA FBS
Kentucky Christian University,Kentucky Christian University,196500,Association of Independent Institutions,NAIA
Kentucky State University,Kentucky State University,196800,Southern Intercollegiate Athletic Conference,NCAA D2
Kentucky Wesleyan College,Kentucky Wesleyan College,196900,Great Midwest Athletic Conference,NCAA D2
Kenyon College,Kenyon College,306500,North Coast Athletic Conference,NCAA D3
Keystone College,Keystone College,328000,Eastern Collegiate Football Conference,NCAA D3
King's College - Pennsylvania,King's College,328200,Middle Atlantic Conference,NCAA D3
Knox College,Knox College,170400,Midwest Conference,NCAA D3
Kutztown University of Pennsylvania,Kutztown University of Pennsylvania,332200,Pennsylvania State Athletic Conference,NCAA D2
Lackawanna College,Lackawanna College,328300,NJCAA: Region XIX,JC
Lafayette College,Lafayette College,328400,Patriot League,NCAA FCS
LaGrange College,LaGrange College,157800,USA South Athletic Conference,NCAA D3
Lake Erie College,Lake Erie College,306600,Great Midwest Athletic Conference,NCAA D2
Lake Forest College,Lake Forest College,170600,Midwest Conference,NCAA D3
Lakeland University,Lakeland University,385400,Northern Athletics Collegiate Conference,NCAA D3
Lamar University,Lamar University,358100,Southland Conference,NCAA FCS
Lane College,Lane College,349900,Southern Intercollegiate Athletic Conference,NCAA D2
Langston University,Langston University,315700,SAC,NAIA
Lawrence Technological University,Lawrence Technological University,227900,Mid-States Football Association,NAIA
Lawrence University,Lawrence University,385600,Midwest Conference,NCAA D3
Lebanon Valley College,Lebanon Valley College,328800,Middle Atlantic Conferences,NCAA D3
Lehigh University,Lehigh University,328900,Patriot League,NCAA FCS
Lenoir-Rhyne University,Lenoir-Rhyne University,294100,South Atlantic Conference,NCAA D2
Lewis & Clark College,Lewis & Clark College,319700,Northwest Conference,NCAA D3
Liberty University,Liberty University,2053000,Division I-AA Independents,NCAA FBS
Limestone University,Limestone College,343600,Conference Carolinas,NCAA D2
Lincoln University - Missouri,Lincoln University,247900,Mid-America Intercollegiate Athletics Association,NCAA D2
Lincoln University Pennsylvania,Lincoln University,329000,Central Intercollegiate Athletic Association,NCAA D2
Lindenwood University,Lindenwood University,248000,Great Lakes Valley Conference,NCAA D2
Lindsey Wilson College,Lindsey Wilson College,197200,Mid-South Conference,NAIA
Linfield University,Linfield College-McMinnville Campus,319800,Northwest Conference,NCAA D3
Livingstone College,Livingstone College,294200,Central Intercollegiate Athletic Association,NCAA D2
Lock Haven University,Lock Haven University,332300,Pennsylvania State Athletic Conference,NCAA D2
Long Island University,Long Island University,275100,Northeast Conference,NCAA FCS
Loras College,Loras College,187300,American Rivers Conference,NCAA D3
Los Angeles Harbor College,Los Angeles Harbor College,122400,CCCAA,JC
Los Angeles Southwest College,Los Angeles Southwest College,704700,CCCAA,JC
Louisburg College,Louisburg College,294300,NJCAA: Region X,JC
Louisiana College,Louisiana College,200700,American Southwest Conference,NCAA D3
Louisiana State University (LSU),Louisiana State University and Agricultural & Mechanical College,201000,Southeastern Conference,NCAA FBS
Louisiana Tech University,Louisiana Tech University,200800,Conference USA,NCAA FBS
Luther College,Luther College,187400,American Rivers Conference,NCAA D3
Lycoming College,Lycoming College,329300,Middle Atlantic Conferences,NCAA D3
Lyon College,Lyon College,108800,American Midwest Conference,NAIA
Macalester College,Macalester College,235800,Midwest Conference,NCAA D3
Madonna University,Madonna University,228200,Wolverine-Hoosier Athletic Conference,NAIA
Manchester University,Manchester University,182000,Heartland Collegiate Athletic Conference,NCAA D3
Marian University - Indiana,Marian University,182100,Mid-States Football Association,NAIA
Marietta College,Marietta College,307300,Ohio Athletic Conference,NCAA D3
Marist College,Marist College,276500,Pioneer Football League,NCAA FCS
Mars Hill University,Mars Hill University,294400,South Atlantic Conference,NCAA D2
Marshall University,Marshall University,381500,Conference USA,NCAA FBS
Martin Luther College,Martin Luther College,236100,Upper Midwest Athletic Conference,NCAA D3
Maryville College,Maryville College,350500,USA South Athletic Conference,NCAA D3
Massachusetts Institute of Technology - MIT,Massachusetts Institute of Technology,217800,New England Women's & Men's Athletic Conference,NCAA D3
Mayville State University,Mayville State University,299300,North Star Athletic Association,NAIA
McDaniel College,McDaniel College,210900,Centennial Conference,NCAA D3
McKendree University,McKendree University,172200,Great Lakes Valley Conference,NCAA D2
McMurry University,McMurry University,359100,American Southwest Conference,NCAA D3
McNeese State University,McNeese State University,201700,Southland Conference,NCAA FCS
McPherson College,McPherson College,193300,Kansas Collegiate Athletic Conference,NAIA
Mercer University,Mercer University,158000,Southern Conference,NCAA FCS
Mercyhurst University,Mercyhurst University,329700,Pennsylvania State Athletic Conference,NCAA D2
Merrimack College,Merrimack College,212000,Northeast-10 Conference,NCAA FCS
Mesabi Range College,Mesabi Range College,400900,MCAC,JC
Methodist University,Methodist University,294600,USA South Athletic Conference,NCAA D3
Miami University,Miami University-Oxford,307700,Mid-American Conference,NCAA FBS
Michigan State University,Michigan State University,229000,Big Ten Conference,NCAA FBS
Michigan Technological University,Michigan Technological University,229200,Great Lakes Intercollegiate Athletic Conference,NCAA D2
MidAmerica Nazarene University,MidAmerica Nazarene University,703200,Heart of America Athletic Conference,NAIA
Middle Tennessee State University,Middle Tennessee State University,351000,Conference USA,NCAA FBS
Middlebury College,Middlebury College,369100,New England Small College Athletic Conference,NCAA D3
Midland University,Midland University,255300,Great Plains Athletic Conference,NAIA
Midwestern State University,Midwestern State University,359200,Lone Star Conference,NCAA D2
Miles College,Miles College,102800,Southern Intercollegiate Athletic Conference,NCAA D2
Millersville University of Pennsylvania,Millersville University of Pennsylvania,332500,Pennsylvania State Athletic Conference,NCAA D2
Millikin University,Millikin University,172400,College Conference of Illinois and Wisconsin,NCAA D3
Millsaps College,Millsaps College,241400,Southern Athletic Association,NCAA D3
Minnesota State Community & Technical College,Minnesota State Community and Technical College,554100,MCAC,JC
Minnesota State University - Mankato,Minnesota State University-Mankato,236000,Northern Sun Intercollegiate Conference,NCAA D2
Minnesota State University - Moorhead,Minnesota State University Moorhead,236700,Northern Sun Intercollegiate Conference,NCAA D2
Minnesota West Community & Technical College,Minnesota West Community and Technical College,526300,MCAC,JC
Minot State University,Minot State University,299400,Northern Sun Intercollegiate Conference,NCAA D2
Misericordia University,Misericordia University,324700,Middle Atlantic Conferences,NCAA D3
Mississippi College,Mississippi College,241500,Gulf South Conference,NCAA D2
Mississippi Delta Community College,Mississippi Delta Community College,241600,MACJC,JC
Mississippi Gulf Coast Community College,Mississippi Gulf Coast Community College,241700,Mississippi Association of Community College Conference,JC
Mississippi State University,Mississippi State University,242300,Southeastern Conference,NCAA FBS
Mississippi Valley State University,Mississippi Valley State University,242400,Southwestern Athletic Conference,NCAA FCS
Missouri Baptist University,Missouri Baptist University,754000,American Midwest Conference,NAIA
Missouri Southern State University,Missouri Southern State University,248800,Mid-America Intercollegiate Athletics Association,NCAA D2
Missouri State University,Missouri State University-Springfield,250300,Missouri Valley Conference,NCAA FCS
Missouri University of Science & Technology,Missouri University of Science and Technology,251700,Great Lakes Valley Conference,NCAA D2
Missouri Valley College,Missouri Valley College,248900,KCAC,NAIA
Missouri Western State University,Missouri Western State University,249000,Mid-America Intercollegiate Athletics Association,NCAA D2
Modesto Junior College,Modesto Junior College,124000,CCCAA,JC
Monmouth College,Monmouth College,172500,Midwest Conference,NCAA D3
Monmouth University,Monmouth University,261600,Big South Conference,NCAA FCS
Monroe College - New Rochelle,NA,NA,Northeast Football Conference,JC
Montana State University,Montana State University,253200,Big Sky Conference,NCAA FCS
Montana State University - Northern,Montana State University-Northern,253300,Cascade Collegiate Conference,NAIA
Montana Tech of the University of Montana,Montana Technological University,253100,Cascade Collegiate Conference,NAIA
Montclair State University,Montclair State University,261700,New Jersey Athletic Conference,NCAA D3
Moorpark College,Moorpark College,711500,Southern California Football Association,JC
Moravian College,Moravian College,330100,Landmark Conference ,NCAA D3
Morehead State University,Morehead State University,197600,Pioneer Football League,NCAA FCS
Morehouse College,Morehouse College,158200,Southern Intercollegiate Athletic Conference,NCAA D2
Morgan State University,Morgan State University,208300,Mid-Eastern Athletic Conference,NCAA FCS
Morningside College,Morningside College,187900,Great Plains Athletic Conference,NAIA
Mount St. Joseph University,Mount Saint Joseph University,303300,Heartland Collegiate Athletic Conference,NCAA D3
Muhlenberg College,Muhlenberg College,330400,Centennial Conference,NCAA D3
Murray State University,Murray State University,197700,Ohio Valley Conference,NCAA FCS
Muskingum University,Muskingum University,308400,Ohio Athletic Conference,NCAA D3
Nassau Community College,Nassau Community College,287300,North Eastern Athletic,JC
Navarro College,Navarro College,359300,NJCAA: Region XIV,JC
Nebraska Wesleyan University,Nebraska Wesleyan University,255500,Iowa Intercollegiate Athletic Conference,NCAA D3
New Mexico Highlands University,New Mexico Highlands University,265300,Rocky Mountain Athletic Conference,NCAA D2
New Mexico Military Institute,New Mexico Military Institute,265600,Western Junior College Athletic Conference,JC
New Mexico State University,New Mexico State University-Main Campus,265700,Independent,NCAA FBS
Newberry College,Newberry College,344000,South Atlantic Conference,NCAA D2
Nicholls State University,Nicholls State University,200500,Southland Conference,NCAA FCS
Nichols College,Nichols College,219700,Commonwealth Coast Football,NCAA D3
Norfolk State University,Norfolk State University,376500,Mid-Eastern Athletic Conference,NCAA FCS
North Carolina A&T State University,North Carolina A & T State University,290500,Mid-Eastern Athletic Conference,NCAA FCS
North Carolina Central University,North Carolina Central University,295000,Mid-Eastern Athletic Conference,NCAA FCS
North Carolina State University,North Carolina State University at Raleigh,297200,Atlantic Coast Conference,NCAA FBS
North Carolina Wesleyan College,North Carolina Wesleyan College,295100,USA South Athletic Conference,NCAA D3
North Central College,North Central College,173400,College Conference of Illinois and Wisconsin,NCAA D3
North Dakota State College of Science,North Dakota State College of Science,299600,"NJCAA, MON-DAK",JC
North Dakota State University,North Dakota State University-Main Campus,299700,Missouri Valley Conference,NCAA FCS
North Greenville University,North Greenville University,344100,Gulf South Conference,NCAA D2
North Park University,North Park University,173500,College Conference of Illinois and Wisconsin,NCAA D3
Northeast Mississippi Community College,Northeast Mississippi Community College,242600,MACJC,JC
Northeastern State University,Northeastern State University,316100,Mid-America Intercollegiate Athletics Association,NCAA D2
Northern Arizona University,Northern Arizona University,108200,Big Sky Conference,NCAA FCS
Northern Illinois University,Northern Illinois University,173700,Mid-American Conference,NCAA FBS
Northern Michigan University,Northern Michigan University,230100,Great Lakes Intercollegiate Athletic Conference,NCAA D2
Northern State University,Northern State University,346600,Northern Sun Intercollegiate Conference,NCAA D2
Northwest Mississippi Community College,Northwest Mississippi Community College,242700,MACCC,JC
Northwest Missouri State University,Northwest Missouri State University,249600,Mid-America Intercollegiate Athletics Association,NCAA D2
Northwestern College - Iowa,Northwestern College,188300,Great Plains Athletic Conference,NAIA
Northwestern Oklahoma State University,Northwestern Oklahoma State University,316300,Great American Conference,NCAA D2
Northwestern State University of Louisiana,Northwestern State University of Louisiana,202100,Southland Conference,NCAA FCS
Northwestern University,Northwestern University,173900,Big Ten Conference,NCAA FBS
Northwood University - Michigan,Northwood University,407200,Great Lakes Intercollegiate Athletic Conference,NCAA D2
Norwich University,Norwich University,369200,Great Northeast Athletic Conference,NCAA D3
Notre Dame College,Notre Dame College,308500,Mountain East Conference,NCAA D2
Oberlin College,Oberlin College,308600,North Coast Athletic Conference,NCAA D3
Ohio Dominican University,Ohio Dominican University,303500,Great Midwest Athletic Conference,NCAA D2
Ohio Northern University,Ohio Northern University,308900,Ohio Athletic Conference,NCAA D3
Ohio State University,Ohio State University-Main Campus,309000,Big Ten Conference,NCAA FBS
Ohio University,Ohio University-Main Campus,310000,Mid-American Conference,NCAA FBS
Ohio Wesleyan University,Ohio Wesleyan University,310900,North Coast Athletic Conference,NCAA D3
Oklahoma Baptist University,Oklahoma Baptist University,316400,Great American Conference,NCAA D2
Oklahoma Panhandle State University,Oklahoma Panhandle State University,317400,SAC,NAIA
Oklahoma State University,Oklahoma State University-Main Campus,317000,Big 12 Conference,NCAA FBS
Old Dominion University,Old Dominion University,372800,Conference USA,NCAA FBS
Olivet College,Olivet College,230800,Michigan Intercollegiate Athletic Association,NCAA D3
Olivet Nazarene University,Olivet Nazarene University,174100,Mid-States Football Association,NAIA
Orange Coast College,Orange Coast College,125000,"Orange Empire Conference, Mission Conference for football",JC
Oregon State University,Oregon State University,321000,Pacific-12 Conference,NCAA FBS
Ottawa University,Ottawa University-Ottawa,193700,Kansas Collegiate Athletic Conference,NAIA
Ottawa University - Arizona,Ottawa University-Phoenix,193701,GSAC,NAIA
Otterbein University,Otterbein University,311000,Ohio Athletic Conference,NCAA D3
Ouachita Baptist University,Ouachita Baptist University,110200,Great American Conference,NCAA D2
Pace University,Pace University,279100,Northeast-10 Conference,NCAA D2
Pacific Lutheran University,Pacific Lutheran University,378500,Northwest Conference,NCAA D3
Pacific University,Pacific University,321200,Northwest Conference,NCAA D3
Pasadena City College,Pasadena City College,126100,"Mission Football Conference, South Coast Conference",JC
Pearl River Community College,Pearl River Community College,243000,MACCC,JC
Penn State,Pennsylvania State University-Main Campus,332900,Big Ten Conference,NCAA FBS
Peru State College,Peru State College,255900,Heart of America Athletic Conference,NAIA
Pittsburg State University,Pittsburg State University,192600,Mid-America Intercollegiate Athletics Association,NCAA D2
Plymouth State University,Plymouth State University,259100,Little East Conference,NCAA D3
Point University,Point University,154700,Mid-South Conference,NAIA
Pomona-Pitzer Colleges,Pomona College,117300,Southern California Intercollegiate Athletic Conference,NCAA D3
Portland State University,Portland State University,321600,Big Sky Conference,NCAA FCS
Post University,Post University,140100,Central Atlantic Collegiate Conference (Division II),NCAA D2
Prairie View A & M University,Prairie View A & M University,363000,Southwestern Athletic Conference,NCAA FCS
Presbyterian College,Presbyterian College,344500,Big South Conference,NCAA FCS
Presentation College,Presentation College,346700,GPAC,NAIA
Princeton University,Princeton University,262700,Ivy League,NCAA FCS
Purdue University,Purdue University-Main Campus,182500,Big Ten Conference,NCAA FBS
Quincy University,Quincy University,174500,Great Lakes Valley Conference,NCAA D2
Randolph-Macon College,Randolph-Macon College,373300,Old Dominion Athletic Conference,NCAA D3
Reinhardt University,Reinhardt University,158900,Mid-South Conference,NAIA
Rensselaer Polytechnic Institute - RPI,Rensselaer Polytechnic Institute,280300,Liberty League,NCAA D3
Rhodes College,Rhodes College,351900,Southern Athletic Association,NCAA D3
Rice University,Rice University,360400,Conference USA,NCAA FBS
Ripon College,Ripon College,388400,Midwest Conference,NCAA D3
Robert Morris University - Pennsylvania,Robert Morris University,335900,Big South,NCAA FCS
Rochester Community & Technical College,Rochester Community and Technical College,237300,MCAC,JC
Rockford University,Rockford University,174800,Northern Athletics Collegiate Conference,NCAA D3
Rocky Mountain College,Rocky Mountain College,253400,Frontier Conference,NAIA
Roosevelt University,Roosevelt University,174900,Chicagoland Collegiate Athletic Conference,NAIA
Rose-Hulman Institute of Technology,Rose-Hulman Institute of Technology,183000,Heartland Collegiate Athletic Conference,NCAA D3
Rowan University,Rowan University,260900,New Jersey Athletic Conference,NCAA D3
Rutgers University,Rutgers University-New Brunswick,262900,Big Ten Conference,NCAA FBS
Sacramento City College,Sacramento City College,123300,CCCAA,JC
Sacred Heart University,Sacred Heart University,140300,Northeast Conference,NCAA FCS
Saddleback College,Saddleback College,891800,Southern California Football Association,JC
Saginaw Valley State University,Saginaw Valley State University,231400,Great Lakes Intercollegiate Athletic Conference,NCAA D2
Saint Anselm College,Saint Anselm College,258700,Northeast-10 Conference,NCAA D2
Saint Augustine's University,Saint Augustine's University,296800,Central Intercollegiate Athletic Association,NCAA D2
Saint Francis University,Saint Francis University,336600,Northeast Conference,NCAA FCS
Saint John's University - Minnesota,Saint Johns University,237900,Minnesota Intercollegiate Athletic Conference,NCAA D3
Saint Vincent College - Pennsylvania,Saint Vincent College,336800,Presidents' Athletic Conference,NCAA D3
Saint Xavier University,Saint Xavier University,176800,Mid-States Football Association,NAIA
Salisbury University,Salisbury University,209100,New Jersey Athletic Conference,NCAA D3
Salve Regina University,Salve Regina University,341100,Commonwealth Coast Football,NCAA D3
Sam Houston State University,Sam Houston State University,360600,Southland Conference,NCAA FCS
Samford University,Samford University,103600,Southern Conference,NCAA FCS
San Bernardino Valley College,San Bernardino Valley College,127200,Southern California Football Association,JC
San Diego State University,University of California-San Diego,131700,Mountain West Conference,NCAA FBS
San Jose State University,San Jose State University,115500,Mountain West Conference,NCAA FBS
Santa Barbara City College,Santa Barbara City College,128500,Southern California Football Association,JC
Santa Rosa Junior College,Santa Rosa Junior College,128700,CCCAA,JC
Savannah State University,Savannah State University,159000,Southern Intercollegiate Athletic Conference,NCAA D2
Seton Hill University,Seton Hill University,336200,Pennsylvania State Athletic Conference,NCAA D2
Sewanee - The University of the South,The University of the South,353400,Southern Athletic Association,NCAA D3
Shaw University,Shaw University,296200,Central Intercollegiate Athletic Association,NCAA D2
Shenandoah University,Shenandoah University,373700,Old Dominion Athletic Conference,NCAA D3
Shepherd University,Shepherd University,382200,Pennsylvania State Athletic Conference,NCAA D2
Shippensburg University of Pennsylvania,Shippensburg University of Pennsylvania,332600,Pennsylvania State Athletic Conference,NCAA D2
Shorter University,Shorter University,159100,Gulf South Conference,NCAA D2
Siena Heights University,Siena Heights University,231600,Mid-States Football Association,NAIA
Simpson College,Simpson College,188700,Iowa Intercollegiate Athletic Conference,NCAA D3
Slippery Rock University,Slippery Rock University of Pennsylvania,332700,Pennsylvania State Athletic Conference,NCAA D2
Snow College,Snow College,367900,NJCAA,JC
South Carolina State University,South Carolina State University,344600,Mid-Eastern Athletic Conference,NCAA FCS
South Dakota School of Mines & Technology,South Dakota School of Mines and Technology,347000,Rocky Mountain Athletic Conference,NCAA D2
South Dakota State University,South Dakota State University,347100,Missouri Valley Conference,NCAA FCS
Southeast Missouri State University,Southeast Missouri State University,250100,Ohio Valley Conference,NCAA FCS
Southeastern Louisiana University,Southeastern Louisiana University,202400,Southland Conference,NCAA FCS
Southeastern Oklahoma State University,Southeastern Oklahoma State University,317900,Great American Conference,NCAA D2
Southeastern University,Southeastern University,152100,Sun Conference,NAIA
Southern Connecticut State University,Southern Connecticut State University,140600,Northeast-10 Conference,NCAA D2
Southern Illinois University Carbondale,Southern Illinois University-Carbondale,175800,Missouri Valley Conference,NCAA FCS
Southern Methodist University - SMU,Southern Methodist University,361300,American Athletic Conference,NCAA FBS
Southern Nazarene University,Southern Nazarene University,314900,Great American Conference,NCAA D2
Southern Oregon University,Southern Oregon University,321900,Cascade Collegiate Conference,NAIA
Southern University & A&M College,Southern University and A & M College,202500,Southwestern Athletic Conference,NCAA FCS
Southern Utah University,Southern Utah University,367800,Big Sky Conference,NCAA FCS
Southern Virginia University,Southern Virginia University,373800,Capital Athletic Conference,NCAA D3
Southwest Baptist University,Southwest Baptist University,250200,Great Lakes Valley Conference,NCAA D2
Southwest Minnesota State University,Southwest Minnesota State University,237500,Northern Sun Intercollegiate Conference,NCAA D2
Southwest Mississippi Community College,Southwest Mississippi Community College,243600,"MACCC, Region XXII",JC
Southwestern Assemblies of God University,Southwestern Assemblies of God University,361600,Central States Football League,NAIA
Southwestern College - Kansas,Southwestern College,194000,Kansas Collegiate Athletic Conference,NAIA
Southwestern Oklahoma State University,Southwestern Oklahoma State University,318100,Great American Conference,NCAA D2
Southwestern University,Southwestern University,362000,Southern Collegiate Athletic Conference,NCAA D3
Springfield College,Springfield College,221100,New England Women's & Men's Athletic Conference,NCAA D3
St. Ambrose University,Saint Ambrose University,188900,Mid-States Football Association,NAIA
St. Andrews University,St. Andrews University,154001,AAC,NAIA
St. John Fisher College,Saint John Fisher College,282100,Empire 8 Athletic Conference,NCAA D3
St. Lawrence University,St Lawrence University,282900,Liberty League,NCAA D3
St. Norbert College,Saint Norbert College,389200,Midwest Conference,NCAA D3
St. Olaf College,St Olaf College,238200,Minnesota Intercollegiate Athletic Conference,NCAA D3
St. Thomas University - Florida,St. Thomas University,146800,Sun Conference,NAIA
Stanford University,Stanford University,130500,Pacific-12 Conference,NCAA FBS
Stephen F Austin State University,Stephen F Austin State University,362400,Southland Conference,NCAA FCS
Sterling College - Kansas,Sterling College,194500,Kansas Collegiate Athletic Conference,NAIA
Stetson University,Stetson University,153100,Pioneer Football League,NCAA FCS
Stevenson University,Stevenson University,210700,Middle Atlantic Conferences,NCAA D3
Stonehill College,Stonehill College,221700,Northeast-10 Conference,NCAA D2
Sul Ross State University,Sul Ross State University,362500,American Southwest Conference,NCAA D3
SUNY Buffalo State College,SUNY Buffalo State,284200,State University of New York Athletic Conference,NCAA D3
SUNY College at Brockport,SUNY College at Brockport,284100,Empire 8 Athletic Conference,NCAA D3
SUNY Cortland,SUNY Cortland,284300,State University of New York Athletic Conference,NCAA D3
SUNY Erie Community College,Erie Community College,1068400,Region III,JC
SUNY Hudson Valley Community College,Hudson Valley Community College,286800,Region III,JC
SUNY Maritime College,SUNY Maritime College,285300,Eastern Collegiate Football Conference,NCAA D3
SUNY Morrisville,SUNY Morrisville,285900,Empire 8 Athletic Conference,NCAA D3
SUNY Stony Brook University,Stony Brook University,283800,Colonial Athletic Association,NCAA FCS
SUNY University at Albany,SUNY at Albany,283500,Colonial Athletic Association,NCAA FCS
SUNY University at Buffalo,University at Buffalo,283700,Mid-American Conference,NCAA FBS
Susquehanna University,Susquehanna University,336900,Centennial Conference,NCAA D3
Syracuse University,Syracuse University,288200,Atlantic Coast Conference,NCAA FBS
Tabor College,Tabor College,194600,Kansas Collegiate Athletic Conference,NAIA
Tarleton State University,Tarleton State University,363100,Western Athletic Conference,NCAA FCS
Taylor University,Taylor University,183800,Mid-States Football Association,NAIA
Temple University,Temple University,337100,American Athletic Conference,NCAA FBS
Tennessee State University,Tennessee State University,352200,Ohio Valley Conference,NCAA FCS
Tennessee Technological University,Tennessee Technological University,352300,Ohio Valley Conference,NCAA FCS
Texas A&M University,Texas A & M University-College Station,363200,Southeastern Conference,NCAA FBS
Texas A&M University - Commerce,Texas A & M University-Commerce,356500,Lone Star Conference,NCAA D2
Texas A&M University - Kingsville,Texas A & M University-Kingsville,363900,Lone Star Conference,NCAA D2
Texas Christian University,Texas Christian University,363600,Big 12 Conference,NCAA FBS
Texas College,Texas College,363800,Red River Athletic Conference,NAIA
Texas Lutheran University,Texas Lutheran University,364100,American Southwest Conference,NCAA D3
Texas Southern University,Texas Southern University,364200,Southwestern Athletic Conference,NCAA FCS
Texas State University,Texas State University,361500,Sun Belt Conference,NCAA FBS
Texas Tech University,Texas Tech University,364400,Big 12 Conference,NCAA FBS
Texas Wesleyan University,Texas Wesleyan University,364500,Sooner Athletic Conference,NAIA
Thaddeus Stevens College of Technology,Thaddeus Stevens College of Technology,791200,"AJCCA, NJCAA",JC
The College of Idaho,The College of Idaho,161700,Frontier Conference,NAIA
The College of New Jersey,The College of New Jersey,264200,New Jersey Athletic Conference,NCAA D3
The College of St. Scholastica,The College of Saint Scholastica,234300,Northern Collegiate Hockey Association ,NCAA D3
The University of Virginia's College at Wise,The University of Virginia's College at Wise,374700,South Atlantic Conference,NCAA D2
Thiel College,Thiel College,337600,Presidents' Athletic Conference,NCAA D3
Thomas More University,Thomas More University,200100,Mid-South Conference,NAIA
Tiffin University,Tiffin University,312100,Great Midwest,NCAA D2
Towson University,Towson University,209900,Colonial Athletic Association,NCAA FCS
Trine University,Trine University,183900,Michigan Intercollegiate Athletic Association,NCAA D3
Trinity College - Connecticut,Trinity College,141400,New England Small College Athletic Conference,NCAA D3
Trinity International University,Trinity International University-Illinois,177200,Mid-States Football Association,NAIA
Trinity University - Texas,Trinity University,364700,Southern Athletic Association,NCAA D3
Trinity Valley Community College,Trinity Valley Community College,357200,NJCAA: Region XIV,JC
Troy University,Troy University,104700,Sun Belt Conference,NCAA FBS
Truman State University,Truman State University,249500,Great Lakes Valley Conference,NCAA D2
Tufts University,Tufts University,221900,New England Small College Athletic Conference,NCAA D3
Tulane University,Tulane University of Louisiana,202900,American Athletic Conference,NCAA FBS
Tusculum University,Tusculum University,352700,South Atlantic Conference,NCAA D2
Tuskegee University,Tuskegee University,105000,Southern Intercollegiate Athletic Conference,NCAA D2
Tyler Junior College,Tyler Junior College,364800,"NJCAA, SWJCFC",JC
Union College - Kentucky,Union College,198800,Appalachian Athletic Conference,NAIA
Union College - New York,Union College,288900,Liberty League,NCAA D3
United States Air Force Academy,United States Air Force Academy,136900,Mountain West Conference,NCAA FBS
United States Coast Guard Academy,United States Coast Guard Academy,141500,New England Women's & Men's Athletic Conference,NCAA D3
United States Merchant Marine Academy,United States Merchant Marine Academy,289200,New England Women's & Men's Athletic Conference,NCAA D3
United States Military Academy,United States Military Academy,289300,Division I-A Independents,NCAA FBS
United States Naval Academy,United States Naval Academy,210100,American Athletic Conference,NCAA FBS
University of Akron,University of Akron Main Campus,312300,Mid-American Conference,NCAA FBS
University of Alabama,The University of Alabama,105100,Southeastern Conference,NCAA FBS
University of Alabama - Birmingham,University of Alabama at Birmingham,105200,Conference USA,NCAA FBS
University of Arizona,University of Arizona,108300,Pacific-12 Conference,NCAA FBS
University of Arkansas,University of Arkansas,110800,Southeastern Conference,NCAA FBS
University of Arkansas at Monticello,University of Arkansas at Monticello,108500,Great American Conference,NCAA D2
University of Arkansas at Pine Bluff,University of Arkansas at Pine Bluff,108600,Southwestern Athletic Conference,NCAA FCS
University of California,University of California-Berkeley,131200,Pacific-12 Conference,NCAA FBS
University of California - Davis,University of California-Davis,131300,Big Sky Conference,NCAA FCS
University of California - Los Angeles - UCLA,University of California-Los Angeles,131500,Pacific-12 Conference,NCAA FBS
University of Central Arkansas,University of Central Arkansas,109200,Southland Conference,NCAA FCS
University of Central Florida,University of Central Florida,395400,American Athletic Conference,NCAA FBS
University of Central Missouri,University of Central Missouri,245400,Mid-America Intercollegiate Athletics Association,NCAA D2
University of Central Oklahoma,University of Central Oklahoma,315200,Mid-America Intercollegiate Athletics Association,NCAA D2
University of Charleston,University of Charleston,381800,Mountain East Conference,NCAA D2
University of Chicago,University of Chicago,177400,University Athletic Association,NCAA D3
University of Cincinnati,University of Cincinnati-Main Campus,312500,American Athletic Conference,NCAA FBS
University of Colorado - Boulder,University of Colorado Boulder,137000,Pacific-12 Conference,NCAA FBS
University of Connecticut,University of Connecticut,141700,Independent,NCAA FBS
University of Dayton,University of Dayton,312700,Pioneer Football League,NCAA FCS
University of Delaware,University of Delaware,143100,Colonial Athletic Association,NCAA FCS
University of Dubuque,University of Dubuque,189100,Iowa Intercollegiate Athletic Conference,NCAA D3
University of Findlay,The University of Findlay,304500,Great Midwest,NCAA D2
University of Florida,University of Florida,153500,Southeastern Conference,NCAA FBS
University of Georgia,University of Georgia,159800,Southeastern Conference,NCAA FBS
University of Hawaii at Manoa,University of Hawaii at Manoa,161000,Mountain West Conference,NCAA FBS
University of Houston,University of Houston,365200,American Athletic Conference,NCAA FBS
University of Idaho,University of Idaho,162600,Big Sky Conference,NCAA FCS
University of Illinois,University of Illinois at Urbana-Champaign,177500,Big Ten Conference,NCAA FBS
University of Indianapolis,University of Indianapolis,180400,Great Lakes Valley Conference,NCAA D2
University of Iowa,University of Iowa,189200,Big Ten Conference,NCAA FBS
University of Jamestown,University of Jamestown,299000,"GPAC, KCAC",NAIA
University of Kansas,University of Kansas,194800,Big 12 Conference,NCAA FBS
University of Kentucky,University of Kentucky,198900,Southeastern Conference,NCAA FBS
University of La Verne,University of La Verne,121600,Southern California Intercollegiate Athletic Conference,NCAA D3
University of Louisiana - Lafayette,University of Louisiana at Lafayette,203100,Sun Belt Conference,NCAA FBS
University of Louisiana - Monroe,University of Louisiana at Monroe,202000,Sun Belt Conference,NCAA FBS
University of Louisville,University of Louisville,199900,Atlantic Coast Conference,NCAA FBS
University of Maine,University of Maine,205300,Colonial Athletic Association,NCAA FCS
University of Mary,University of Mary,299200,Northern Sun Intercollegiate Conference,NCAA D2
University of Mary Hardin-Baylor,University of Mary Hardin-Baylor,358800,American Southwest Conference,NCAA D3
University of Maryland,University of Maryland-College Park,210300,Big Ten Conference,NCAA FBS
University of Massachusetts - Amherst,University of Massachusetts-Amherst,222100,Independent,NCAA FBS
University of Massachusetts - Dartmouth,University of Massachusetts-Dartmouth,221000,Massachusetts State Collegiate Athletic Conference,NCAA D3
University of Memphis,University of Memphis,350900,American Athletic Conference,NCAA FBS
University of Miami,University of Miami,153600,Atlantic Coast Conference,NCAA FBS
University of Michigan,University of Michigan-Ann Arbor,232500,Big Ten Conference,NCAA FBS
University of Minnesota,University of Minnesota-Twin Cities,396900,Big Ten Conference,NCAA FBS
University of Minnesota - Duluth,University of Minnesota-Duluth,238800,Northern Sun Intercollegiate Conference,NCAA D2
University of Minnesota - Morris,University of Minnesota-Morris,238900,Upper Midwest Athletic Conference,NCAA D3
University of Mississippi,University of Mississippi,244000,Southeastern Conference,NCAA FBS
University of Missouri,University of Missouri-Columbia,251600,Southeastern Conference,NCAA FBS
University of Montana,The University of Montana,253600,Big Sky Conference,NCAA FCS
University of Montana - Western,The University of Montana-Western,253700,Frontier Conference,NAIA
University of Mount Union,University of Mount Union,308300,Ohio Athletic Conference,NCAA D3
University of Nebraska,University of Nebraska-Lincoln,256500,Big Ten Conference,NCAA FBS
University of Nebraska at Kearney,University of Nebraska at Kearney,255100,Mid-America Intercollegiate Athletics Association,NCAA D2
University of Nevada - Las Vegas,University of Nevada-Las Vegas,256900,Mountain West Conference,NCAA FBS
University of Nevada - Reno,University of Nevada-Reno,256800,Mountain West Conference,NCAA FBS
University of New England,University of New England,205000,Commonwealth Coast Conference,NCAA D3
University of New Hampshire,University of New Hampshire-Main Campus,258900,Colonial Athletic Association,NCAA FCS
University of New Haven,University of New Haven,139700,Northeast-10 Conference,NCAA D2
University of New Mexico,University of New Mexico-Main Campus,266300,Mountain West Conference,NCAA FBS
University of North Alabama,University of North Alabama,101600,Big South,NCAA FCS
University of North Carolina at Chapel Hill,University of North Carolina at Chapel Hill,297400,Atlantic Coast Conference,NCAA FBS
University of North Carolina at Charlotte,University of North Carolina at Charlotte,297500,Conference USA,NCAA FBS
University of North Carolina at Pembroke,University of North Carolina at Pembroke,295400,Peach Belt & Mountain East,NCAA D2
University of North Dakota,University of North Dakota,300500,Missouri Valley Football Conference,NCAA FCS
University of North Texas,University of North Texas,359400,Conference USA,NCAA FBS
University of Northern Colorado,University of Northern Colorado,134900,Big Sky Conference,NCAA FCS
University of Northern Iowa,University of Northern Iowa,189000,Missouri Valley Conference,NCAA FCS
University of Northwestern - St. Paul,University of Northwestern-St Paul,237100,Upper Midwest Athletic Conference,NCAA D3
University of Notre Dame,University of Notre Dame,184000,Division I-A Independents,NCAA FBS
University of Oklahoma,University of Oklahoma-Norman Campus,318400,Big 12 Conference,NCAA FBS
University of Oregon,University of Oregon,322300,Pacific-12 Conference,NCAA FBS
University of Pennsylvania - Penn,University of Pennsylvania,337800,Ivy League,NCAA FCS
University of Pikeville,University of Pikeville,198000,Mid-South Conference,NAIA
University of Pittsburgh,University of Pittsburgh-Pittsburgh Campus,337900,Atlantic Coast Conference,NCAA FBS
University of Puget Sound,University of Puget Sound,379700,Northwest Conference,NCAA D3
University of Redlands,University of Redlands,132200,Southern California Intercollegiate Athletic Conference,NCAA D3
University of Rhode Island,University of Rhode Island,341400,Colonial Athletic Association,NCAA FCS
University of Richmond,University of Richmond,374400,Colonial Athletic Association,NCAA FCS
University of Rochester,University of Rochester,289400,University Athletic Association,NCAA D3
University of Saint Francis - Indiana,University of Saint Francis-Fort Wayne,183200,Mid-States Football Association,NAIA
University of Saint Mary,University of Saint Mary,194300,Kansas Collegiate Athletic Conference,NAIA
University of San Diego,University of San Diego,1039500,Pioneer Football League,NCAA FCS
University of Sioux Falls,University of Sioux Falls,346900,Northern Sun Intercollegiate Conference,NCAA D2
University of South Alabama,University of South Alabama,105700,Sun Belt Conference,NCAA FBS
University of South Carolina,University of South Carolina-Columbia,344800,Southeastern Conference,NCAA FBS
University of South Dakota,University of South Dakota,347400,Missouri Valley Conference,NCAA FCS
University of South Florida,University of South Florida-Main Campus,153700,American Athletic Conference,NCAA FBS
University of Southern California,University of Southern California,132800,Pacific-12 Conference,NCAA FBS
University of Southern Mississippi,University of Southern Mississippi,244100,Conference USA,NCAA FBS
University of St. Francis - Illinois,University of St Francis,166400,Mid-States Football Association,NAIA
University of St. Thomas - Minnesota,University of St Thomas,234500,Minnesota Intercollegiate Athletic Conference,NCAA D2
University of Tennessee,The University of Tennessee-Knoxville,353000,Southeastern Conference,NCAA FBS
University of Tennessee - Chattanooga,The University of Tennessee-Chattanooga,352900,Southern Conference,NCAA FCS
University of Tennessee - Martin,The University of Tennessee-Martin,353100,Ohio Valley Conference,NCAA FCS
University of Texas - Austin,The University of Texas at Austin,365800,Big 12 Conference,NCAA FBS
University of Texas - El Paso,The University of Texas at El Paso,366100,Conference USA,NCAA FBS
University of Texas - Permian Basin,The University of Texas of the Permian Basin,993000,Lone Star Conference,NCAA D2
University of Texas - San Antonio,The University of Texas at San Antonio,1011500,Conference USA,NCAA FBS
University of the Cumberlands,University of the Cumberlands,196200,AAC,NAIA
University of the Incarnate Word,University of the Incarnate Word,357800,Southland Conference,NCAA FCS
University of Toledo,University of Toledo,313100,Mid-American Conference,NCAA FBS
University of Tulsa,University of Tulsa,318500,American Athletic Conference,NCAA FBS
University of Utah,University of Utah,367500,Pacific-12 Conference,NCAA FBS
University of Virginia,University of Virginia-Main Campus,374500,Atlantic Coast Conference,NCAA FBS
University of Washington,University of Washington-Seattle Campus,379800,Pacific-12 Conference,NCAA FBS
University of West Alabama,University of West Alabama,102400,Gulf South Conference,NCAA D2
University of West Florida,The University of West Florida,395500,Gulf South Conference,NCAA D2
University of West Georgia,University of West Georgia,160100,Gulf South Conference,NCAA D2
University of Wisconsin,University of Wisconsin-Madison,389500,Big Ten Conference,NCAA FBS
University of Wisconsin - Eau Claire,University of Wisconsin-Eau Claire,391700,Wisconsin Intercollegiate Athletic Conference,NCAA D3
University of Wisconsin - La Crosse,University of Wisconsin-La Crosse,391900,Wisconsin Intercollegiate Athletic Conference,NCAA D3
University of Wisconsin - Oshkosh,University of Wisconsin-Oshkosh,392000,Wisconsin Intercollegiate Athletic Conference,NCAA D3
University of Wisconsin - Platteville,University of Wisconsin-Platteville,392100,Wisconsin Intercollegiate Athletic Conference,NCAA D3
University of Wisconsin - River Falls,University of Wisconsin-River Falls,392300,Wisconsin Intercollegiate Athletic Conference,NCAA D3
University of Wisconsin - Stevens Point,University of Wisconsin-Stevens Point,392400,Wisconsin Intercollegiate Athletic Conference,NCAA D3
University of Wisconsin - Stout,University of Wisconsin-Stout,391500,Wisconsin Intercollegiate Athletic Conference,NCAA D3
University of Wisconsin - Whitewater,University of Wisconsin-Whitewater,392600,Wisconsin Intercollegiate Athletic Conference,NCAA D3
University of Wyoming,University of Wyoming,393200,Mountain West Conference,NCAA FBS
Upper Iowa University,Upper Iowa University,189300,Northern Sun Intercollegiate Conference,NCAA D2
Ursinus College,Ursinus College,338500,Centennial Conference,NCAA D3
Utah State University,Utah State University,367700,Mountain West Conference,NCAA FBS
Utica College,Utica College,288300,Empire 8 Athletic Conference,NCAA D3
Valdosta State University,Valdosta State University,159900,Gulf South Conference,NCAA D2
Valley City State University,Valley City State University,300800,North Star Athletic Association,NAIA
Valparaiso University,Valparaiso University,184200,Pioneer Football League,NCAA FCS
Vanderbilt University,Vanderbilt University,353500,Southeastern Conference,NCAA FBS
Vermilion Community College,Vermilion Community College,235000,NJCAA,JC
Victor Valley College,Victor Valley College,133500,"Foothill, South Coast",JC
Villanova University,Villanova University,338800,Colonial Athletic Association,NCAA FCS
Virginia Military Institute - VMI,Virginia Military Institute,375300,Southern Conference,NCAA FCS
Virginia State University,Virginia State University,376400,Central Intercollegiate Athletic Association,NCAA D2
Virginia Tech,Virginia Polytechnic Institute and State University,375400,Atlantic Coast Conference,NCAA FBS
Virginia Union University,Virginia Union University,376600,Central Intercollegiate Athletic Association,NCAA D2
Wabash College,Wabash College,184400,North Coast Athletic Conference,NCAA D3
Wagner College,Wagner College,289900,Northeast Conference,NCAA FCS
Wake Forest University,Wake Forest University,297800,Atlantic Coast Conference,NCAA FBS
Waldorf University,Waldorf University,189500,North Star Athletic Conference,NAIA
Walsh University,Walsh University,313500,Great Midwest Athletic Conference,NCAA D2
Warner University,Warner University,884800,Sun Conference,NAIA
Wartburg College,Wartburg College,189600,American Rivers COnference,NCAA D3
Washburn University,Washburn University,194900,Mid-America Intercollegiate Athletics Association,NCAA D2
Washington & Jefferson College,Washington & Jefferson College,338900,Presidents' Athletic Conference,NCAA D3
Washington & Lee University,Washington and Lee University,376800,Old Dominion Athletic Conference,NCAA D3
Washington State University,Washington State University,380000,Pacific-12 Conference,NCAA FBS
Washington University in St. Louis,Washington University in St Louis,252000,Collegiate Conference of Illinois & Wisconsin,NCAA D3
Wayland Baptist University,Wayland Baptist University,366300,Sooner Athletic Conference,NAIA
Wayne State College,Wayne State College,256600,Northern Sun Intercollegiate Conference,NCAA D2
Wayne State University,Wayne State University,232900,Great Lakes Intercollegiate Athletic Conference,NCAA D2
Waynesburg University,Waynesburg University,339100,Presidents' Athletic Conference,NCAA D3
Webber International University,Webber International University,154000,Sun Conference,NAIA
Weber State University,Weber State University,368000,Big Sky Conference,NCAA FCS
Wesley College,Wesley College,143300,New Jersey Athletic Conference,NCAA D3
Wesleyan University,Wesleyan University,142400,New England Small College Athletic Conference,NCAA D3
West Chester University of Pennsylvania,West Chester University of Pennsylvania,332800,Pennsylvania State Athletic Conference,NCAA D2
West Hills College - Coalinga,West Hills College-Coalinga,117600,Coast Valley Conference,JC
West Liberty University,West Liberty University,382300,Mountain East,NCAA D2
West Texas A&M University,West Texas A & M University,366500,Lone Star Conference,NCAA D2
West Virginia State University,West Virginia State University,382600,Mountain East,NCAA D2
West Virginia University,West Virginia University,382700,Big 12 Conference,NCAA FBS
West Virginia Wesleyan College,West Virginia Wesleyan College,383000,Mountain East Conference,NCAA D2
Western Carolina University,Western Carolina University,298100,Southern Conference,NCAA FCS
Western Colorado University,Western Colorado University,137200,Rocky Mountain Athletic Conference,NCAA D2
Western Connecticut State University,Western Connecticut State University,138000,Massachusetts State Collegiate Athletic Conference,NCAA D3
Western Illinois University,Western Illinois University,178000,Missouri Valley Conference,NCAA FCS
Western Kentucky University,Western Kentucky University,200200,Conference USA,NCAA FBS
Western Michigan University,Western Michigan University,233000,Mid-American Conference,NCAA FBS
Western New England University,Western New England University,222600,Commonwealth Coast Football,NCAA D3
Western New Mexico University,Western New Mexico University,266400,Lone Star Conference,NCAA D2
Western Oregon University,Western Oregon University,320900,Great Northwest Athletic Conference,NCAA D2
Westfield State University,Westfield State University,218900,Massachusetts State Collegiate Athletic Conference,NCAA D3
Westminster College - Missouri,Westminster College,252300,St. Louis Intercollegiate Athletic Conference,NCAA D3
Westminster College - Pennsylvania,Westminster College,339200,Presidents' Athletic Conference,NCAA D3
Wheaton College - Illinois,Wheaton College,178100,College Conference of Illinois and Wisconsin,NCAA D3
Wheeling University,Wheeling University,383100,Mountain East Conference,NCAA D2
Whittier College,Whittier College,134200,Southern California Intercollegiate Athletic Conference,NCAA D3
Whitworth University,Whitworth University,380400,Northwest Conference,NCAA D3
Widener University,Widener University,331300,Middle Atlantic Conferences,NCAA D3
Wilkes University,Wilkes University,339400,Middle Atlantic Conferences,NCAA D3
Willamette University,Willamette University,322700,Northwest Conference,NCAA D3
William & Mary,William & Mary,370500,Colonial Athletic Association,NCAA FCS
William Jewell College,William Jewell College,252400,Great Lakes Valley Conference,NCAA D2
William Paterson University of New Jersey,William Paterson University of New Jersey,262500,New Jersey Athletic Conference,NCAA D3
William Penn University,William Penn University,190000,Heart of America Athletic Conference,NAIA
Williams College,Williams College,222900,New England Small College Athletic Conference,NCAA D3
Williamson College of the Trades,Williamson College of the Trades,4123800,"NJCAA, NLLC, USCAA",JC
Wilmington College,Wilmington College,314200,Ohio Athletic Conference,NCAA D3
Wingate University,Wingate University,298500,South Atlantic Conference,NCAA D2
Winona State University,Winona State University,239400,Northern Sun Intercollegiate Conference,NCAA D2
Winston-Salem State University,Winston-Salem State University,298600,Central Intercollegiate Athletic Association,NCAA D2
Wittenberg University,Wittenberg University,314300,North Coast Athletic Conference,NCAA D3
Wofford College,Wofford College,345700,Southern Conference,NCAA FCS
Worcester Polytechnic Institute,Worcester Polytechnic Institute,223300,New England Women's & Men's Athletic Conference,NCAA D3
Worcester State University,Worcester State University,219000,Massachusetts State Collegiate Athletic Conference,NCAA D3
Yale University,Yale University,142600,Ivy League,NCAA FCS
Youngstown State University,Youngstown State University,314500,Missouri Valley Conference,NCAA FCS